id_unico,Fecha_Hora_Extraccion,cupo
0028-1-TEO,2026-08-03 09:00:00,100
0030-1-TEO,2026-08-03 09:00:00,100
0030-1-LAB,2026-08-03 09:00:00,100
0033-1-TEO,2026-08-03 09:00:00,100
0033-1-LAB,2026-08-03 09:00:00,100
0034-1-TEO,2026-08-03 09:00:00,100
0034-1-LAB,2026-08-03 09:00:00,100
0039-1-TEO,2026-08-03 09:00:00,100
0039-1-LAB,2026-08-03 09:00:00,100
0056-1-TEO,2026-08-03 09:00:00,100
0056-2-TEO,2026-08-03 09:00:00,100
0057-1-TEO,2026-08-03 09:00:00,100
0067-1-TEO,2026-08-03 09:00:00,100
0067-1-LAB,2026-08-03 09:00:00,100
0067-2-LAB,2026-08-03 09:00:00,100
0068-1-TEO,2026-08-03 09:00:00,100
0068-1-LAB,2026-08-03 09:00:00,100
0069-1-TEO,2026-08-03 09:00:00,100
0069-1-LAB,2026-08-03 09:00:00,100
0073-1-TEO,2026-08-03 09:00:00,100
0074-1-TEO,2026-08-03 09:00:00,100
0074-2-TEO,2026-08-03 09:00:00,100
0075-1-TEO,2026-08-03 09:00:00,100
0077-1-TEO,2026-08-03 09:00:00,100
0081-2-TEO,2026-08-03 09:00:00,100
0081-3-TEO,2026-08-03 09:00:00,100
0081-4-TEO,2026-08-03 09:00:00,100
0081-5-TEO,2026-08-03 09:00:00,100
0081-6-TEO,2026-08-03 09:00:00,100
0081-7-TEO,2026-08-03 09:00:00,100
0083-1-TEO,2026-08-03 09:00:00,100
0084-1-TEO,2026-08-03 09:00:00,100
0085-1-TEO,2026-08-03 09:00:00,100
0087-1-TEO,2026-08-03 09:00:00,100
0088-1-TEO,2026-08-03 09:00:00,100
0089-1-TEO,2026-08-03 09:00:00,100
0091-1-TEO,2026-08-03 09:00:00,100
0095-1-TEO,2026-08-03 09:00:00,100
0095-2-TEO,2026-08-03 09:00:00,100
0095-3-TEO,2026-08-03 09:00:00,100
0095-4-TEO,2026-08-03 09:00:00,100
0095-5-TEO,2026-08-03 09:00:00,100
0096-1-TEO,2026-08-03 09:00:00,100
0096-2-TEO,2026-08-03 09:00:00,100
0097-1-TEO,2026-08-03 09:00:00,100
0097-2-TEO,2026-08-03 09:00:00,100
0097-3-TEO,2026-08-03 09:00:00,100
0097-4-TEO,2026-08-03 09:00:00,100
0097-5-TEO,2026-08-03 09:00:00,100
0099-1-TEO,2026-08-03 09:00:00,100
0099-2-TEO,2026-08-03 09:00:00,100
0099-3-TEO,2026-08-03 09:00:00,100
0099-4-TEO,2026-08-03 09:00:00,100
0100-1-TEO,2026-08-03 09:00:00,100
0100-2-TEO,2026-08-03 09:00:00,100
0100-3-TEO,2026-08-03 09:00:00,100
0100-4-TEO,2026-08-03 09:00:00,100
0102-1-TEO,2026-08-03 09:00:00,100
0102-2-TEO,2026-08-03 09:00:00,100
0102-3-TEO,2026-08-03 09:00:00,100
0102-4-TEO,2026-08-03 09:00:00,100
0102-5-TEO,2026-08-03 09:00:00,100
0103-1-TEO,2026-08-03 09:00:00,100
0103-2-TEO,2026-08-03 09:00:00,100
0103-3-TEO,2026-08-03 09:00:00,100
0104-1-TEO,2026-08-03 09:00:00,100
0104-2-TEO,2026-08-03 09:00:00,100
0104-3-TEO,2026-08-03 09:00:00,100
0104-4-TEO,2026-08-03 09:00:00,100
0104-5-TEO,2026-08-03 09:00:00,100
0105-1-TEO,2026-08-03 09:00:00,100
0105-2-TEO,2026-08-03 09:00:00,100
0106-1-TEO,2026-08-03 09:00:00,100
0106-2-TEO,2026-08-03 09:00:00,100
0107-1-TEO,2026-08-03 09:00:00,100
0107-2-TEO,2026-08-03 09:00:00,100
0107-1-LAB,2026-08-03 09:00:00,100
0107-2-LAB,2026-08-03 09:00:00,100
0108-1-TEO,2026-08-03 09:00:00,100
0108-2-TEO,2026-08-03 09:00:00,100
0108-1-LAB,2026-08-03 09:00:00,100
0108-2-LAB,2026-08-03 09:00:00,100
0108-3-LAB,2026-08-03 09:00:00,100
0109-1-TEO,2026-08-03 09:00:00,100
0109-1-LAB,2026-08-03 09:00:00,100
0110-1-TEO,2026-08-03 09:00:00,100
0110-1-LAB,2026-08-03 09:00:00,100
0111-1-TEO,2026-08-03 09:00:00,100
0111-2-TEO,2026-08-03 09:00:00,100
0111-1-LAB,2026-08-03 09:00:00,100
0111-3-LAB,2026-08-03 09:00:00,100
0112-1-TEO,2026-08-03 09:00:00,100
0113-1-TEO,2026-08-03 09:00:00,100
0113-2-TEO,2026-08-03 09:00:00,100
0114-1-TEO,2026-08-03 09:00:00,100
0114-2-TEO,2026-08-03 09:00:00,100
0114-1-LAB,2026-08-03 09:00:00,100
0114-2-LAB,2026-08-03 09:00:00,100
0115-1-TEO,2026-08-03 09:00:00,100
0115-2-TEO,2026-08-03 09:00:00,100
0115-3-TEO,2026-08-03 09:00:00,100
0116-1-TEO,2026-08-03 09:00:00,100
0116-2-TEO,2026-08-03 09:00:00,100
0117-1-TEO,2026-08-03 09:00:00,100
0117-1-LAB,2026-08-03 09:00:00,100
0117-2-LAB,2026-08-03 09:00:00,100
0118-1-TEO,2026-08-03 09:00:00,100
0118-1-LAB,2026-08-03 09:00:00,100
0119-1-TEO,2026-08-03 09:00:00,100
0119-1-LAB,2026-08-03 09:00:00,100
0119-2-LAB,2026-08-03 09:00:00,100
0132-1-TEO,2026-08-03 09:00:00,100
0132-1-LAB,2026-08-03 09:00:00,100
0132-2-LAB,2026-08-03 09:00:00,100
0133-1-TEO,2026-08-03 09:00:00,100
0134-1-TEO,2026-08-03 09:00:00,100
0134-2-TEO,2026-08-03 09:00:00,100
0135-1-TEO,2026-08-03 09:00:00,100
0135-1-PRO,2026-08-03 09:00:00,100
0138-1-TEO,2026-08-03 09:00:00,100
0138-1-PRO,2026-08-03 09:00:00,100
0139-1-TEO,2026-08-03 09:00:00,100
0139-2-TEO,2026-08-03 09:00:00,100
0139-3-TEO,2026-08-03 09:00:00,100
0140-1-TEO,2026-08-03 09:00:00,100
0141-1-EXP,2026-08-03 09:00:00,100
0141-2-EXP,2026-08-03 09:00:00,100
0141-3-EXP,2026-08-03 09:00:00,100
0141-4-EXP,2026-08-03 09:00:00,100
0141-5-EXP,2026-08-03 09:00:00,100
0141-6-EXP,2026-08-03 09:00:00,100
0141-7-EXP,2026-08-03 09:00:00,100
0141-8-EXP,2026-08-03 09:00:00,100
0141-9-EXP,2026-08-03 09:00:00,100
0141-10-EXP,2026-08-03 09:00:00,100
0142-1-TEO,2026-08-03 09:00:00,100
0142-2-TEO,2026-08-03 09:00:00,100
0143-1-TEO,2026-08-03 09:00:00,100
0143-2-TEO,2026-08-03 09:00:00,100
0144-1-TEO,2026-08-03 09:00:00,100
0144-2-TEO,2026-08-03 09:00:00,100
0144-3-TEO,2026-08-03 09:00:00,100
0144-4-TEO,2026-08-03 09:00:00,100
0144-5-TEO,2026-08-03 09:00:00,100
0144-6-TEO,2026-08-03 09:00:00,100
0144-7-TEO,2026-08-03 09:00:00,100
0145-1-TEO,2026-08-03 09:00:00,100
0146-1-TEO,2026-08-03 09:00:00,100
0146-2-TEO,2026-08-03 09:00:00,100
0147-1-TEO,2026-08-03 09:00:00,100
0147-1-LAB,2026-08-03 09:00:00,100
0148-1-TEO,2026-08-03 09:00:00,100
0151-1-TEO,2026-08-03 09:00:00,100
0151-2-TEO,2026-08-03 09:00:00,100
0152-1-TEO,2026-08-03 09:00:00,100
0153-1-TEO,2026-08-03 09:00:00,100
0153-2-TEO,2026-08-03 09:00:00,100
0155-1-TEO,2026-08-03 09:00:00,100
0155-2-TEO,2026-08-03 09:00:00,100
0156-1-TEO,2026-08-03 09:00:00,100
0158-1-TEO,2026-08-03 09:00:00,100
0159-1-TEO,2026-08-03 09:00:00,100
0164-1-TEO,2026-08-03 09:00:00,100
0164-2-TEO,2026-08-03 09:00:00,100
0164-3-TEO,2026-08-03 09:00:00,100
0164-4-TEO,2026-08-03 09:00:00,100
0164-5-TEO,2026-08-03 09:00:00,100
0164-6-TEO,2026-08-03 09:00:00,100
0164-7-TEO,2026-08-03 09:00:00,100
0164-8-TEO,2026-08-03 09:00:00,100
0164-9-TEO,2026-08-03 09:00:00,100
0164-1-LAB,2026-08-03 09:00:00,100
0164-2-LAB,2026-08-03 09:00:00,100
0164-3-LAB,2026-08-03 09:00:00,100
0164-4-LAB,2026-08-03 09:00:00,100
0164-5-LAB,2026-08-03 09:00:00,100
0164-6-LAB,2026-08-03 09:00:00,100
0164-7-LAB,2026-08-03 09:00:00,100
0164-8-LAB,2026-08-03 09:00:00,100
0164-9-LAB,2026-08-03 09:00:00,100
0164-10-LAB,2026-08-03 09:00:00,100
0164-11-LAB,2026-08-03 09:00:00,100
0164-12-LAB,2026-08-03 09:00:00,100
0165-1-TEO,2026-08-03 09:00:00,100
0166-1-TEO,2026-08-03 09:00:00,100
0167-1-TEO,2026-08-03 09:00:00,100
0167-1-LAB,2026-08-03 09:00:00,100
0167-2-LAB,2026-08-03 09:00:00,100
0169-1-TEO,2026-08-03 09:00:00,100
0171-1-TEO,2026-08-03 09:00:00,100
0172-1-TEO,2026-08-03 09:00:00,100
0172-2-TEO,2026-08-03 09:00:00,100
0173-1-TEO,2026-08-03 09:00:00,100
0177-1-TEO,2026-08-03 09:00:00,100
0178-1-TEO,2026-08-03 09:00:00,100
0178-1-LAB,2026-08-03 09:00:00,100
0180-1-TEO,2026-08-03 09:00:00,100
0180-1-LAB,2026-08-03 09:00:00,100
0181-1-TEO,2026-08-03 09:00:00,100
0181-1-LAB,2026-08-03 09:00:00,100
0182-1-TEO,2026-08-03 09:00:00,100
0182-2-TEO,2026-08-03 09:00:00,100
0182-1-LAB,2026-08-03 09:00:00,100
0182-2-LAB,2026-08-03 09:00:00,100
0184-1-TEO,2026-08-03 09:00:00,100
0184-1-LAB,2026-08-03 09:00:00,100
0185-1-TEO,2026-08-03 09:00:00,100
0185-2-TEO,2026-08-03 09:00:00,100
0185-1-LAB,2026-08-03 09:00:00,100
0185-2-LAB,2026-08-03 09:00:00,100
0186-1-TEO,2026-08-03 09:00:00,100
0186-1-LAB,2026-08-03 09:00:00,100
0186-2-LAB,2026-08-03 09:00:00,100
0187-1-TEO,2026-08-03 09:00:00,100
0187-2-TEO,2026-08-03 09:00:00,100
0187-1-LAB,2026-08-03 09:00:00,100
0187-2-LAB,2026-08-03 09:00:00,100
0187-3-LAB,2026-08-03 09:00:00,100
0188-1-TEO,2026-08-03 09:00:00,100
0188-1-LAB,2026-08-03 09:00:00,100
0188-2-LAB,2026-08-03 09:00:00,100
0189-1-TEO,2026-08-03 09:00:00,100
0189-2-TEO,2026-08-03 09:00:00,100
0189-1-LAB,2026-08-03 09:00:00,100
0189-2-LAB,2026-08-03 09:00:00,100
0190-1-TEO,2026-08-03 09:00:00,100
0191-1-TEO,2026-08-03 09:00:00,100
0191-2-TEO,2026-08-03 09:00:00,100
0191-3-TEO,2026-08-03 09:00:00,100
0198-1-TEO,2026-08-03 09:00:00,100
0199-1-TEO,2026-08-03 09:00:00,100
0200-1-TEO,2026-08-03 09:00:00,100
0200-2-TEO,2026-08-03 09:00:00,100
0204-1-TEO,2026-08-03 09:00:00,100
0205-1-TEO,2026-08-03 09:00:00,100
0205-2-TEO,2026-08-03 09:00:00,100
0206-1-TEO,2026-08-03 09:00:00,100
0206-2-TEO,2026-08-03 09:00:00,100
0206-3-TEO,2026-08-03 09:00:00,100
0207-1-TEO,2026-08-03 09:00:00,100
0207-2-TEO,2026-08-03 09:00:00,100
0212-1-TEO,2026-08-03 09:00:00,100
0213-1-TEO,2026-08-03 09:00:00,100
0214-1-TEO,2026-08-03 09:00:00,100
0214-2-TEO,2026-08-03 09:00:00,100
0215-1-TEO,2026-08-03 09:00:00,100
0215-2-TEO,2026-08-03 09:00:00,100
0218-1-TEO,2026-08-03 09:00:00,100
0218-1-PRO,2026-08-03 09:00:00,100
0219-1-TEO,2026-08-03 09:00:00,100
0220-1-TEO,2026-08-03 09:00:00,100
0221-1-TEO,2026-08-03 09:00:00,100
0222-1-EXP,2026-08-03 09:00:00,100
0238-1-EXP,2026-08-03 09:00:00,100
0254-1-TEO,2026-08-03 09:00:00,100
0256-1-TEO,2026-08-03 09:00:00,100
0265-1-TEO,2026-08-03 09:00:00,100
0267-1-TEO,2026-08-03 09:00:00,100
0272-1-TEO,2026-08-03 09:00:00,100
0273-1-TEO,2026-08-03 09:00:00,100
0273-2-TEO,2026-08-03 09:00:00,100
0273-1-LAB,2026-08-03 09:00:00,100
0273-2-LAB,2026-08-03 09:00:00,100
0273-3-LAB,2026-08-03 09:00:00,100
0274-1-TEO,2026-08-03 09:00:00,100
0274-1-LAB,2026-08-03 09:00:00,100
0274-2-LAB,2026-08-03 09:00:00,100
0274-3-LAB,2026-08-03 09:00:00,100
0275-1-TEO,2026-08-03 09:00:00,100
0275-1-LAB,2026-08-03 09:00:00,100
0276-1-TEO,2026-08-03 09:00:00,100
0277-1-TEO,2026-08-03 09:00:00,100
0278-1-TEO,2026-08-03 09:00:00,100
0279-1-TEO,2026-08-03 09:00:00,100
0279-1-LAB,2026-08-03 09:00:00,100
0281-1-PRO,2026-08-03 09:00:00,100
0281-1-EXP,2026-08-03 09:00:00,100
0299-1-TEO,2026-08-03 09:00:00,100
0300-1-TEO,2026-08-03 09:00:00,100
0300-2-TEO,2026-08-03 09:00:00,100
0302-1-TEO,2026-08-03 09:00:00,100
0302-1-PRO,2026-08-03 09:00:00,100
0303-1-TEO,2026-08-03 09:00:00,100
0318-1-TEO,2026-08-03 09:00:00,100
0360-1-TEO,2026-08-03 09:00:00,100
0360-1-LAB,2026-08-03 09:00:00,100
0365-1-TEO,2026-08-03 09:00:00,100
0460-1-TEO,2026-08-03 09:00:00,100
0460-1-LAB,2026-08-03 09:00:00,100
1089-1-TEO,2026-08-03 09:00:00,100
1089-2-TEO,2026-08-03 09:00:00,100
1089-3-TEO,2026-08-03 09:00:00,100
1089-4-TEO,2026-08-03 09:00:00,100
1090-1-TEO,2026-08-03 09:00:00,100
1090-2-TEO,2026-08-03 09:00:00,100
1112-1-TEO,2026-08-03 09:00:00,100
1112-2-TEO,2026-08-03 09:00:00,100
1112-3-TEO,2026-08-03 09:00:00,100
1205-1-TEO,2026-08-03 09:00:00,100
1205-2-TEO,2026-08-03 09:00:00,100
1205-3-TEO,2026-08-03 09:00:00,100
1205-4-TEO,2026-08-03 09:00:00,100
1205-5-TEO,2026-08-03 09:00:00,100
1205-6-TEO,2026-08-03 09:00:00,100
1205-7-TEO,2026-08-03 09:00:00,100
1205-8-TEO,2026-08-03 09:00:00,100
1206-1-TEO,2026-08-03 09:00:00,100
1206-2-TEO,2026-08-03 09:00:00,100
1206-3-TEO,2026-08-03 09:00:00,100
1206-4-TEO,2026-08-03 09:00:00,100
1206-5-TEO,2026-08-03 09:00:00,100
1206-6-TEO,2026-08-03 09:00:00,100
1206-7-TEO,2026-08-03 09:00:00,100
1206-8-TEO,2026-08-03 09:00:00,100
1206-9-TEO,2026-08-03 09:00:00,100
1206-10-TEO,2026-08-03 09:00:00,100
1206-11-TEO,2026-08-03 09:00:00,100
1209-1-TEO,2026-08-03 09:00:00,100
1209-2-TEO,2026-08-03 09:00:00,100
1209-3-TEO,2026-08-03 09:00:00,100
1209-4-TEO,2026-08-03 09:00:00,100
1209-5-TEO,2026-08-03 09:00:00,100
1209-6-TEO,2026-08-03 09:00:00,100
1209-7-TEO,2026-08-03 09:00:00,100
1209-8-TEO,2026-08-03 09:00:00,100
1209-9-TEO,2026-08-03 09:00:00,100
1209-10-TEO,2026-08-03 09:00:00,100
1209-11-TEO,2026-08-03 09:00:00,100
1209-12-TEO,2026-08-03 09:00:00,100
1209-13-TEO,2026-08-03 09:00:00,100
1210-1-EXP,2026-08-03 09:00:00,100
1210-2-EXP,2026-08-03 09:00:00,100
1210-3-EXP,2026-08-03 09:00:00,100
1210-4-EXP,2026-08-03 09:00:00,100
1210-5-EXP,2026-08-03 09:00:00,100
1210-6-EXP,2026-08-03 09:00:00,100
1210-7-EXP,2026-08-03 09:00:00,100
1210-8-EXP,2026-08-03 09:00:00,100
1210-9-EXP,2026-08-03 09:00:00,100
1210-10-EXP,2026-08-03 09:00:00,100
1210-11-EXP,2026-08-03 09:00:00,100
1210-12-EXP,2026-08-03 09:00:00,100
1210-13-EXP,2026-08-03 09:00:00,100
1210-14-EXP,2026-08-03 09:00:00,100
1210-15-EXP,2026-08-03 09:00:00,100
1210-16-EXP,2026-08-03 09:00:00,100
1210-17-EXP,2026-08-03 09:00:00,100
1210-18-EXP,2026-08-03 09:00:00,100
1210-19-EXP,2026-08-03 09:00:00,100
1210-20-EXP,2026-08-03 09:00:00,100
1210-21-EXP,2026-08-03 09:00:00,100
1210-22-EXP,2026-08-03 09:00:00,100
1210-23-EXP,2026-08-03 09:00:00,100
1210-24-EXP,2026-08-03 09:00:00,100
1210-25-EXP,2026-08-03 09:00:00,100
1210-26-EXP,2026-08-03 09:00:00,100
1210-27-EXP,2026-08-03 09:00:00,100
1210-28-EXP,2026-08-03 09:00:00,100
1210-29-EXP,2026-08-03 09:00:00,100
1211-1-TEO,2026-08-03 09:00:00,100
1211-2-TEO,2026-08-03 09:00:00,100
1211-3-TEO,2026-08-03 09:00:00,100
1211-4-TEO,2026-08-03 09:00:00,100
1211-5-TEO,2026-08-03 09:00:00,100
1211-6-TEO,2026-08-03 09:00:00,100
1211-7-TEO,2026-08-03 09:00:00,100
1211-8-TEO,2026-08-03 09:00:00,100
1211-9-TEO,2026-08-03 09:00:00,100
1211-10-TEO,2026-08-03 09:00:00,100
1211-11-TEO,2026-08-03 09:00:00,100
1211-12-TEO,2026-08-03 09:00:00,100
1211-13-TEO,2026-08-03 09:00:00,100
1211-14-TEO,2026-08-03 09:00:00,100
1211-1-LAB,2026-08-03 09:00:00,100
1211-2-LAB,2026-08-03 09:00:00,100
1211-3-LAB,2026-08-03 09:00:00,100
1211-4-LAB,2026-08-03 09:00:00,100
1211-5-LAB,2026-08-03 09:00:00,100
1211-6-LAB,2026-08-03 09:00:00,100
1211-7-LAB,2026-08-03 09:00:00,100
1211-8-LAB,2026-08-03 09:00:00,100
1211-9-LAB,2026-08-03 09:00:00,100
1211-10-LAB,2026-08-03 09:00:00,100
1211-11-LAB,2026-08-03 09:00:00,100
1211-12-LAB,2026-08-03 09:00:00,100
1211-13-LAB,2026-08-03 09:00:00,100
1211-14-LAB,2026-08-03 09:00:00,100
1211-15-LAB,2026-08-03 09:00:00,100
1211-16-LAB,2026-08-03 09:00:00,100
1211-17-LAB,2026-08-03 09:00:00,100
1211-18-LAB,2026-08-03 09:00:00,100
1211-19-LAB,2026-08-03 09:00:00,100
1211-20-LAB,2026-08-03 09:00:00,100
1211-21-LAB,2026-08-03 09:00:00,100
1211-22-LAB,2026-08-03 09:00:00,100
1211-23-LAB,2026-08-03 09:00:00,100
1212-1-TEO,2026-08-03 09:00:00,100
1212-2-TEO,2026-08-03 09:00:00,100
1212-3-TEO,2026-08-03 09:00:00,100
1212-4-TEO,2026-08-03 09:00:00,100
1212-5-TEO,2026-08-03 09:00:00,100
1212-6-TEO,2026-08-03 09:00:00,100
1212-7-TEO,2026-08-03 09:00:00,100
1212-8-TEO,2026-08-03 09:00:00,100
1212-10-TEO,2026-08-03 09:00:00,100
1212-11-TEO,2026-08-03 09:00:00,100
1212-12-TEO,2026-08-03 09:00:00,100
1212-13-TEO,2026-08-03 09:00:00,100
1212-1-LAB,2026-08-03 09:00:00,100
1212-2-LAB,2026-08-03 09:00:00,100
1212-3-LAB,2026-08-03 09:00:00,100
1212-4-LAB,2026-08-03 09:00:00,100
1212-5-LAB,2026-08-03 09:00:00,100
1212-6-LAB,2026-08-03 09:00:00,100
1212-7-LAB,2026-08-03 09:00:00,100
1212-8-LAB,2026-08-03 09:00:00,100
1212-9-LAB,2026-08-03 09:00:00,100
1212-10-LAB,2026-08-03 09:00:00,100
1212-11-LAB,2026-08-03 09:00:00,100
1212-12-LAB,2026-08-03 09:00:00,100
1212-13-LAB,2026-08-03 09:00:00,100
1212-14-LAB,2026-08-03 09:00:00,100
1212-15-LAB,2026-08-03 09:00:00,100
1212-16-LAB,2026-08-03 09:00:00,100
1212-17-LAB,2026-08-03 09:00:00,100
1212-18-LAB,2026-08-03 09:00:00,100
1212-19-LAB,2026-08-03 09:00:00,100
1212-20-LAB,2026-08-03 09:00:00,100
1212-21-LAB,2026-08-03 09:00:00,100
1212-22-LAB,2026-08-03 09:00:00,100
1212-23-LAB,2026-08-03 09:00:00,100
1212-24-LAB,2026-08-03 09:00:00,100
1212-25-LAB,2026-08-03 09:00:00,100
1212-26-LAB,2026-08-03 09:00:00,100
1212-27-LAB,2026-08-03 09:00:00,100
1212-28-LAB,2026-08-03 09:00:00,100
1212-29-LAB,2026-08-03 09:00:00,100
1212-30-LAB,2026-08-03 09:00:00,100
1212-31-LAB,2026-08-03 09:00:00,100
1212-32-LAB,2026-08-03 09:00:00,100
1212-33-LAB,2026-08-03 09:00:00,100
1214-1-TEO,2026-08-03 09:00:00,100
1214-2-TEO,2026-08-03 09:00:00,100
1214-3-TEO,2026-08-03 09:00:00,100
1214-4-TEO,2026-08-03 09:00:00,100
1214-5-TEO,2026-08-03 09:00:00,100
1214-6-TEO,2026-08-03 09:00:00,100
1214-7-TEO,2026-08-03 09:00:00,100
1214-8-TEO,2026-08-03 09:00:00,100
1214-9-TEO,2026-08-03 09:00:00,100
1300-1-TEO,2026-08-03 09:00:00,100
1300-1-PRO,2026-08-03 09:00:00,100
1307-1-TEO,2026-08-03 09:00:00,100
1307-2-TEO,2026-08-03 09:00:00,100
1307-3-TEO,2026-08-03 09:00:00,100
1307-4-TEO,2026-08-03 09:00:00,100
1307-5-TEO,2026-08-03 09:00:00,100
1307-6-TEO,2026-08-03 09:00:00,100
1307-7-TEO,2026-08-03 09:00:00,100
1307-8-TEO,2026-08-03 09:00:00,100
1307-9-TEO,2026-08-03 09:00:00,100
1307-10-TEO,2026-08-03 09:00:00,100
1307-11-TEO,2026-08-03 09:00:00,100
1307-12-TEO,2026-08-03 09:00:00,100
1307-13-TEO,2026-08-03 09:00:00,100
1307-14-TEO,2026-08-03 09:00:00,100
1307-15-TEO,2026-08-03 09:00:00,100
1307-16-TEO,2026-08-03 09:00:00,100
1308-1-TEO,2026-08-03 09:00:00,100
1308-2-TEO,2026-08-03 09:00:00,100
1308-3-TEO,2026-08-03 09:00:00,100
1308-4-TEO,2026-08-03 09:00:00,100
1308-5-TEO,2026-08-03 09:00:00,100
1308-6-TEO,2026-08-03 09:00:00,100
1308-7-TEO,2026-08-03 09:00:00,100
1308-8-TEO,2026-08-03 09:00:00,100
1308-9-TEO,2026-08-03 09:00:00,100
1308-10-TEO,2026-08-03 09:00:00,100
1308-11-TEO,2026-08-03 09:00:00,100
1308-12-TEO,2026-08-03 09:00:00,100
1308-13-TEO,2026-08-03 09:00:00,100
1308-14-TEO,2026-08-03 09:00:00,100
1308-15-TEO,2026-08-03 09:00:00,100
1308-16-TEO,2026-08-03 09:00:00,100
1308-17-TEO,2026-08-03 09:00:00,100
1308-1-LAB,2026-08-03 09:00:00,100
1308-2-LAB,2026-08-03 09:00:00,100
1308-3-LAB,2026-08-03 09:00:00,100
1308-4-LAB,2026-08-03 09:00:00,100
1308-5-LAB,2026-08-03 09:00:00,100
1308-6-LAB,2026-08-03 09:00:00,100
1308-7-LAB,2026-08-03 09:00:00,100
1308-8-LAB,2026-08-03 09:00:00,100
1308-9-LAB,2026-08-03 09:00:00,100
1308-10-LAB,2026-08-03 09:00:00,100
1308-11-LAB,2026-08-03 09:00:00,100
1308-12-LAB,2026-08-03 09:00:00,100
1308-13-LAB,2026-08-03 09:00:00,100
1308-14-LAB,2026-08-03 09:00:00,100
1308-15-LAB,2026-08-03 09:00:00,100
1308-16-LAB,2026-08-03 09:00:00,100
1308-17-LAB,2026-08-03 09:00:00,100
1308-18-LAB,2026-08-03 09:00:00,100
1308-19-LAB,2026-08-03 09:00:00,100
1308-20-LAB,2026-08-03 09:00:00,100
1308-21-LAB,2026-08-03 09:00:00,100
1308-22-LAB,2026-08-03 09:00:00,100
1308-23-LAB,2026-08-03 09:00:00,100
1308-24-LAB,2026-08-03 09:00:00,100
1308-25-LAB,2026-08-03 09:00:00,100
1308-26-LAB,2026-08-03 09:00:00,100
1308-27-LAB,2026-08-03 09:00:00,100
1308-28-LAB,2026-08-03 09:00:00,100
1308-29-LAB,2026-08-03 09:00:00,100
1308-30-LAB,2026-08-03 09:00:00,100
1308-31-LAB,2026-08-03 09:00:00,100
1308-32-LAB,2026-08-03 09:00:00,100
1308-33-LAB,2026-08-03 09:00:00,100
1308-34-LAB,2026-08-03 09:00:00,100
1308-35-LAB,2026-08-03 09:00:00,100
1308-36-LAB,2026-08-03 09:00:00,100
1308-37-LAB,2026-08-03 09:00:00,100
1308-38-LAB,2026-08-03 09:00:00,100
1308-39-LAB,2026-08-03 09:00:00,100
1308-40-LAB,2026-08-03 09:00:00,100
1308-41-LAB,2026-08-03 09:00:00,100
1308-42-LAB,2026-08-03 09:00:00,100
1308-43-LAB,2026-08-03 09:00:00,100
1308-44-LAB,2026-08-03 09:00:00,100
1308-45-LAB,2026-08-03 09:00:00,100
1308-46-LAB,2026-08-03 09:00:00,100
1308-47-LAB,2026-08-03 09:00:00,100
1308-48-LAB,2026-08-03 09:00:00,100
1309-1-TEO,2026-08-03 09:00:00,100
1309-2-TEO,2026-08-03 09:00:00,100
1309-3-TEO,2026-08-03 09:00:00,100
1309-4-TEO,2026-08-03 09:00:00,100
1309-1-LAB,2026-08-03 09:00:00,100
1309-2-LAB,2026-08-03 09:00:00,100
1309-3-LAB,2026-08-03 09:00:00,100
1309-4-LAB,2026-08-03 09:00:00,100
1309-5-LAB,2026-08-03 09:00:00,100
1309-6-LAB,2026-08-03 09:00:00,100
1309-7-LAB,2026-08-03 09:00:00,100
1309-8-LAB,2026-08-03 09:00:00,100
1309-9-LAB,2026-08-03 09:00:00,100
1310-1-TEO,2026-08-03 09:00:00,100
1310-2-TEO,2026-08-03 09:00:00,100
1310-3-TEO,2026-08-03 09:00:00,100
1310-4-TEO,2026-08-03 09:00:00,100
1310-5-TEO,2026-08-03 09:00:00,100
1310-6-TEO,2026-08-03 09:00:00,100
1310-7-TEO,2026-08-03 09:00:00,100
1310-8-TEO,2026-08-03 09:00:00,100
1310-9-TEO,2026-08-03 09:00:00,100
1310-10-TEO,2026-08-03 09:00:00,100
1310-11-TEO,2026-08-03 09:00:00,100
1310-12-TEO,2026-08-03 09:00:00,100
1310-13-TEO,2026-08-03 09:00:00,100
1310-14-TEO,2026-08-03 09:00:00,100
1310-15-TEO,2026-08-03 09:00:00,100
1310-16-TEO,2026-08-03 09:00:00,100
1310-17-TEO,2026-08-03 09:00:00,100
1310-18-TEO,2026-08-03 09:00:00,100
1310-19-TEO,2026-08-03 09:00:00,100
1310-20-TEO,2026-08-03 09:00:00,100
1310-1-LAB,2026-08-03 09:00:00,100
1310-2-LAB,2026-08-03 09:00:00,100
1310-3-LAB,2026-08-03 09:00:00,100
1310-4-LAB,2026-08-03 09:00:00,100
1310-5-LAB,2026-08-03 09:00:00,100
1310-6-LAB,2026-08-03 09:00:00,100
1310-7-LAB,2026-08-03 09:00:00,100
1310-8-LAB,2026-08-03 09:00:00,100
1310-9-LAB,2026-08-03 09:00:00,100
1310-10-LAB,2026-08-03 09:00:00,100
1310-11-LAB,2026-08-03 09:00:00,100
1310-12-LAB,2026-08-03 09:00:00,100
1310-13-LAB,2026-08-03 09:00:00,100
1310-14-LAB,2026-08-03 09:00:00,100
1310-15-LAB,2026-08-03 09:00:00,100
1310-16-LAB,2026-08-03 09:00:00,100
1310-17-LAB,2026-08-03 09:00:00,100
1310-18-LAB,2026-08-03 09:00:00,100
1310-19-LAB,2026-08-03 09:00:00,100
1310-20-LAB,2026-08-03 09:00:00,100
1310-21-LAB,2026-08-03 09:00:00,100
1310-22-LAB,2026-08-03 09:00:00,100
1310-23-LAB,2026-08-03 09:00:00,100
1310-24-LAB,2026-08-03 09:00:00,100
1310-25-LAB,2026-08-03 09:00:00,100
1310-26-LAB,2026-08-03 09:00:00,100
1310-27-LAB,2026-08-03 09:00:00,100
1310-28-LAB,2026-08-03 09:00:00,100
1310-29-LAB,2026-08-03 09:00:00,100
1310-30-LAB,2026-08-03 09:00:00,100
1310-31-LAB,2026-08-03 09:00:00,100
1310-32-LAB,2026-08-03 09:00:00,100
1310-33-LAB,2026-08-03 09:00:00,100
1310-34-LAB,2026-08-03 09:00:00,100
1310-35-LAB,2026-08-03 09:00:00,100
1310-36-LAB,2026-08-03 09:00:00,100
1310-37-LAB,2026-08-03 09:00:00,100
1310-38-LAB,2026-08-03 09:00:00,100
1310-39-LAB,2026-08-03 09:00:00,100
1310-40-LAB,2026-08-03 09:00:00,100
1310-41-LAB,2026-08-03 09:00:00,100
1310-42-LAB,2026-08-03 09:00:00,100
1310-43-LAB,2026-08-03 09:00:00,100
1310-44-LAB,2026-08-03 09:00:00,100
1310-45-LAB,2026-08-03 09:00:00,100
1310-46-LAB,2026-08-03 09:00:00,100
1311-1-TEO,2026-08-03 09:00:00,100
1311-2-TEO,2026-08-03 09:00:00,100
1311-3-TEO,2026-08-03 09:00:00,100
1311-4-TEO,2026-08-03 09:00:00,100
1311-5-TEO,2026-08-03 09:00:00,100
1311-6-TEO,2026-08-03 09:00:00,100
1311-7-TEO,2026-08-03 09:00:00,100
1311-8-TEO,2026-08-03 09:00:00,100
1311-9-TEO,2026-08-03 09:00:00,100
1311-10-TEO,2026-08-03 09:00:00,100
1311-11-TEO,2026-08-03 09:00:00,100
1311-12-TEO,2026-08-03 09:00:00,100
1311-13-TEO,2026-08-03 09:00:00,100
1311-14-TEO,2026-08-03 09:00:00,100
1311-15-TEO,2026-08-03 09:00:00,100
1311-16-TEO,2026-08-03 09:00:00,100
1311-17-TEO,2026-08-03 09:00:00,100
1311-18-TEO,2026-08-03 09:00:00,100
1311-19-TEO,2026-08-03 09:00:00,100
1311-1-LAB,2026-08-03 09:00:00,100
1311-2-LAB,2026-08-03 09:00:00,100
1311-3-LAB,2026-08-03 09:00:00,100
1311-4-LAB,2026-08-03 09:00:00,100
1311-5-LAB,2026-08-03 09:00:00,100
1311-6-LAB,2026-08-03 09:00:00,100
1311-7-LAB,2026-08-03 09:00:00,100
1311-8-LAB,2026-08-03 09:00:00,100
1311-9-LAB,2026-08-03 09:00:00,100
1311-10-LAB,2026-08-03 09:00:00,100
1311-11-LAB,2026-08-03 09:00:00,100
1311-12-LAB,2026-08-03 09:00:00,100
1311-13-LAB,2026-08-03 09:00:00,100
1311-14-LAB,2026-08-03 09:00:00,100
1311-15-LAB,2026-08-03 09:00:00,100
1311-16-LAB,2026-08-03 09:00:00,100
1311-17-LAB,2026-08-03 09:00:00,100
1311-18-LAB,2026-08-03 09:00:00,100
1311-19-LAB,2026-08-03 09:00:00,100
1311-20-LAB,2026-08-03 09:00:00,100
1311-21-LAB,2026-08-03 09:00:00,100
1311-22-LAB,2026-08-03 09:00:00,100
1311-23-LAB,2026-08-03 09:00:00,100
1311-24-LAB,2026-08-03 09:00:00,100
1311-25-LAB,2026-08-03 09:00:00,100
1311-26-LAB,2026-08-03 09:00:00,100
1311-27-LAB,2026-08-03 09:00:00,100
1311-29-LAB,2026-08-03 09:00:00,100
1311-30-LAB,2026-08-03 09:00:00,100
1311-31-LAB,2026-08-03 09:00:00,100
1311-32-LAB,2026-08-03 09:00:00,100
1311-33-LAB,2026-08-03 09:00:00,100
1311-34-LAB,2026-08-03 09:00:00,100
1311-35-LAB,2026-08-03 09:00:00,100
1311-36-LAB,2026-08-03 09:00:00,100
1311-37-LAB,2026-08-03 09:00:00,100
1311-39-LAB,2026-08-03 09:00:00,100
1311-40-LAB,2026-08-03 09:00:00,100
1311-41-LAB,2026-08-03 09:00:00,100
1311-42-LAB,2026-08-03 09:00:00,100
1311-43-LAB,2026-08-03 09:00:00,100
1311-44-LAB,2026-08-03 09:00:00,100
1311-45-LAB,2026-08-03 09:00:00,100
1311-46-LAB,2026-08-03 09:00:00,100
1312-1-TEO,2026-08-03 09:00:00,100
1312-1-LAB,2026-08-03 09:00:00,100
1313-1-TEO,2026-08-03 09:00:00,100
1314-1-TEO,2026-08-03 09:00:00,100
1314-2-TEO,2026-08-03 09:00:00,100
1314-1-LAB,2026-08-03 09:00:00,100
1314-2-LAB,2026-08-03 09:00:00,100
1314-3-LAB,2026-08-03 09:00:00,100
1314-4-LAB,2026-08-03 09:00:00,100
1314-5-LAB,2026-08-03 09:00:00,100
1314-6-LAB,2026-08-03 09:00:00,100
1315-1-TEO,2026-08-03 09:00:00,100
1315-2-TEO,2026-08-03 09:00:00,100
1316-1-TEO,2026-08-03 09:00:00,100
1316-2-TEO,2026-08-03 09:00:00,100
1316-3-TEO,2026-08-03 09:00:00,100
1316-4-TEO,2026-08-03 09:00:00,100
1400-1-TEO,2026-08-03 09:00:00,100
1400-2-TEO,2026-08-03 09:00:00,100
1400-4-TEO,2026-08-03 09:00:00,100
1400-5-TEO,2026-08-03 09:00:00,100
1400-6-TEO,2026-08-03 09:00:00,100
1400-7-TEO,2026-08-03 09:00:00,100
1400-8-TEO,2026-08-03 09:00:00,100
1400-9-TEO,2026-08-03 09:00:00,100
1400-10-TEO,2026-08-03 09:00:00,100
1400-11-TEO,2026-08-03 09:00:00,100
1400-12-TEO,2026-08-03 09:00:00,100
1400-13-TEO,2026-08-03 09:00:00,100
1401-1-TEO,2026-08-03 09:00:00,100
1401-2-TEO,2026-08-03 09:00:00,100
1401-3-TEO,2026-08-03 09:00:00,100
1401-4-TEO,2026-08-03 09:00:00,100
1401-5-TEO,2026-08-03 09:00:00,100
1401-6-TEO,2026-08-03 09:00:00,100
1402-1-TEO,2026-08-03 09:00:00,100
1402-2-TEO,2026-08-03 09:00:00,100
1402-3-TEO,2026-08-03 09:00:00,100
1402-4-TEO,2026-08-03 09:00:00,100
1402-5-TEO,2026-08-03 09:00:00,100
1402-6-TEO,2026-08-03 09:00:00,100
1402-7-TEO,2026-08-03 09:00:00,100
1402-8-TEO,2026-08-03 09:00:00,100
1402-9-TEO,2026-08-03 09:00:00,100
1402-10-TEO,2026-08-03 09:00:00,100
1402-11-TEO,2026-08-03 09:00:00,100
1402-12-TEO,2026-08-03 09:00:00,100
1402-13-TEO,2026-08-03 09:00:00,100
1402-14-TEO,2026-08-03 09:00:00,100
1402-15-TEO,2026-08-03 09:00:00,100
1402-16-TEO,2026-08-03 09:00:00,100
1402-17-TEO,2026-08-03 09:00:00,100
1402-1-LAB,2026-08-03 09:00:00,100
1402-2-LAB,2026-08-03 09:00:00,100
1402-3-LAB,2026-08-03 09:00:00,100
1402-4-LAB,2026-08-03 09:00:00,100
1402-5-LAB,2026-08-03 09:00:00,100
1402-6-LAB,2026-08-03 09:00:00,100
1402-7-LAB,2026-08-03 09:00:00,100
1402-8-LAB,2026-08-03 09:00:00,100
1402-9-LAB,2026-08-03 09:00:00,100
1402-10-LAB,2026-08-03 09:00:00,100
1402-11-LAB,2026-08-03 09:00:00,100
1402-12-LAB,2026-08-03 09:00:00,100
1402-13-LAB,2026-08-03 09:00:00,100
1402-14-LAB,2026-08-03 09:00:00,100
1402-15-LAB,2026-08-03 09:00:00,100
1402-16-LAB,2026-08-03 09:00:00,100
1402-17-LAB,2026-08-03 09:00:00,100
1402-18-LAB,2026-08-03 09:00:00,100
1402-19-LAB,2026-08-03 09:00:00,100
1402-20-LAB,2026-08-03 09:00:00,100
1402-21-LAB,2026-08-03 09:00:00,100
1402-22-LAB,2026-08-03 09:00:00,100
1402-23-LAB,2026-08-03 09:00:00,100
1402-24-LAB,2026-08-03 09:00:00,100
1402-25-LAB,2026-08-03 09:00:00,100
1402-26-LAB,2026-08-03 09:00:00,100
1402-27-LAB,2026-08-03 09:00:00,100
1402-28-LAB,2026-08-03 09:00:00,100
1402-29-LAB,2026-08-03 09:00:00,100
1404-1-TEO,2026-08-03 09:00:00,100
1404-2-TEO,2026-08-03 09:00:00,100
1404-3-TEO,2026-08-03 09:00:00,100
1404-4-TEO,2026-08-03 09:00:00,100
1407-1-TEO,2026-08-03 09:00:00,100
1407-2-TEO,2026-08-03 09:00:00,100
1407-3-TEO,2026-08-03 09:00:00,100
1407-1-LAB,2026-08-03 09:00:00,100
1407-2-LAB,2026-08-03 09:00:00,100
1407-3-LAB,2026-08-03 09:00:00,100
1407-4-LAB,2026-08-03 09:00:00,100
1407-5-LAB,2026-08-03 09:00:00,100
1407-6-LAB,2026-08-03 09:00:00,100
1408-1-TEO,2026-08-03 09:00:00,100
1408-2-TEO,2026-08-03 09:00:00,100
1408-3-TEO,2026-08-03 09:00:00,100
1408-4-TEO,2026-08-03 09:00:00,100
1408-1-LAB,2026-08-03 09:00:00,100
1408-2-LAB,2026-08-03 09:00:00,100
1408-3-LAB,2026-08-03 09:00:00,100
1408-4-LAB,2026-08-03 09:00:00,100
1408-5-LAB,2026-08-03 09:00:00,100
1408-6-LAB,2026-08-03 09:00:00,100
1408-7-LAB,2026-08-03 09:00:00,100
1408-8-LAB,2026-08-03 09:00:00,100
1410-1-TEO,2026-08-03 09:00:00,100
1410-2-TEO,2026-08-03 09:00:00,100
1410-3-TEO,2026-08-03 09:00:00,100
1410-4-TEO,2026-08-03 09:00:00,100
1410-5-TEO,2026-08-03 09:00:00,100
1410-6-TEO,2026-08-03 09:00:00,100
1410-7-TEO,2026-08-03 09:00:00,100
1410-8-TEO,2026-08-03 09:00:00,100
1410-9-TEO,2026-08-03 09:00:00,100
1411-1-TEO,2026-08-03 09:00:00,100
1411-2-TEO,2026-08-03 09:00:00,100
1411-3-TEO,2026-08-03 09:00:00,100
1411-4-TEO,2026-08-03 09:00:00,100
1411-5-TEO,2026-08-03 09:00:00,100
1411-1-LAB,2026-08-03 09:00:00,100
1411-2-LAB,2026-08-03 09:00:00,100
1411-3-LAB,2026-08-03 09:00:00,100
1411-4-LAB,2026-08-03 09:00:00,100
1411-5-LAB,2026-08-03 09:00:00,100
1411-6-LAB,2026-08-03 09:00:00,100
1411-7-LAB,2026-08-03 09:00:00,100
1411-8-LAB,2026-08-03 09:00:00,100
1411-9-LAB,2026-08-03 09:00:00,100
1411-10-LAB,2026-08-03 09:00:00,100
1412-1-TEO,2026-08-03 09:00:00,100
1412-2-TEO,2026-08-03 09:00:00,100
1412-3-TEO,2026-08-03 09:00:00,100
1412-1-LAB,2026-08-03 09:00:00,100
1412-2-LAB,2026-08-03 09:00:00,100
1412-3-LAB,2026-08-03 09:00:00,100
1412-4-LAB,2026-08-03 09:00:00,100
1412-5-LAB,2026-08-03 09:00:00,100
1412-6-LAB,2026-08-03 09:00:00,100
1413-1-TEO,2026-08-03 09:00:00,100
1413-2-TEO,2026-08-03 09:00:00,100
1413-3-TEO,2026-08-03 09:00:00,100
1413-1-LAB,2026-08-03 09:00:00,100
1413-2-LAB,2026-08-03 09:00:00,100
1413-3-LAB,2026-08-03 09:00:00,100
1413-4-LAB,2026-08-03 09:00:00,100
1414-1-TEO,2026-08-03 09:00:00,100
1414-2-TEO,2026-08-03 09:00:00,100
1414-3-TEO,2026-08-03 09:00:00,100
1414-4-TEO,2026-08-03 09:00:00,100
1414-1-LAB,2026-08-03 09:00:00,100
1414-2-LAB,2026-08-03 09:00:00,100
1414-3-LAB,2026-08-03 09:00:00,100
1414-4-LAB,2026-08-03 09:00:00,100
1414-5-LAB,2026-08-03 09:00:00,100
1414-6-LAB,2026-08-03 09:00:00,100
1419-1-TEO,2026-08-03 09:00:00,100
1419-2-TEO,2026-08-03 09:00:00,100
1419-3-TEO,2026-08-03 09:00:00,100
1419-1-PRO,2026-08-03 09:00:00,100
1419-2-PRO,2026-08-03 09:00:00,100
1419-3-PRO,2026-08-03 09:00:00,100
1420-1-TEO,2026-08-03 09:00:00,100
1420-2-TEO,2026-08-03 09:00:00,100
1420-1-LAB,2026-08-03 09:00:00,100
1420-2-LAB,2026-08-03 09:00:00,100
1420-3-LAB,2026-08-03 09:00:00,100
1420-4-LAB,2026-08-03 09:00:00,100
1422-1-TEO,2026-08-03 09:00:00,100
1422-2-TEO,2026-08-03 09:00:00,100
1422-1-PRO,2026-08-03 09:00:00,100
1422-2-PRO,2026-08-03 09:00:00,100
1424-1-TEO,2026-08-03 09:00:00,100
1424-2-TEO,2026-08-03 09:00:00,100
1424-3-TEO,2026-08-03 09:00:00,100
1424-4-TEO,2026-08-03 09:00:00,100
1424-5-TEO,2026-08-03 09:00:00,100
1426-1-TEO,2026-08-03 09:00:00,100
1426-2-TEO,2026-08-03 09:00:00,100
1426-3-TEO,2026-08-03 09:00:00,100
1428-1-TEO,2026-08-03 09:00:00,100
1428-2-TEO,2026-08-03 09:00:00,100
1428-3-TEO,2026-08-03 09:00:00,100
1431-1-TEO,2026-08-03 09:00:00,100
1431-1-LAB,2026-08-03 09:00:00,100
1438-1-TEO,2026-08-03 09:00:00,100
1438-1-PRO,2026-08-03 09:00:00,100
1500-1-TEO,2026-08-03 09:00:00,100
1500-2-TEO,2026-08-03 09:00:00,100
1500-3-TEO,2026-08-03 09:00:00,100
1500-4-TEO,2026-08-03 09:00:00,100
1500-5-TEO,2026-08-03 09:00:00,100
1502-1-TEO,2026-08-03 09:00:00,100
1502-2-TEO,2026-08-03 09:00:00,100
1502-3-TEO,2026-08-03 09:00:00,100
1502-4-TEO,2026-08-03 09:00:00,100
1502-5-TEO,2026-08-03 09:00:00,100
1503-1-EXP,2026-08-03 09:00:00,100
1503-2-EXP,2026-08-03 09:00:00,100
1503-3-EXP,2026-08-03 09:00:00,100
1503-4-EXP,2026-08-03 09:00:00,100
1503-5-EXP,2026-08-03 09:00:00,100
1503-6-EXP,2026-08-03 09:00:00,100
1503-7-EXP,2026-08-03 09:00:00,100
1504-1-TEO,2026-08-03 09:00:00,100
1504-2-TEO,2026-08-03 09:00:00,100
1504-3-TEO,2026-08-03 09:00:00,100
1504-4-TEO,2026-08-03 09:00:00,100
1504-5-TEO,2026-08-03 09:00:00,100
1504-6-TEO,2026-08-03 09:00:00,100
1504-7-TEO,2026-08-03 09:00:00,100
1504-8-TEO,2026-08-03 09:00:00,100
1504-9-TEO,2026-08-03 09:00:00,100
1504-10-TEO,2026-08-03 09:00:00,100
1504-11-TEO,2026-08-03 09:00:00,100
1504-12-TEO,2026-08-03 09:00:00,100
1506-1-TEO,2026-08-03 09:00:00,100
1506-2-TEO,2026-08-03 09:00:00,100
1506-3-TEO,2026-08-03 09:00:00,100
1506-4-TEO,2026-08-03 09:00:00,100
1506-1-LAB,2026-08-03 09:00:00,100
1506-2-LAB,2026-08-03 09:00:00,100
1506-3-LAB,2026-08-03 09:00:00,100
1506-4-LAB,2026-08-03 09:00:00,100
1506-5-LAB,2026-08-03 09:00:00,100
1507-1-EXP,2026-08-03 09:00:00,100
1507-2-EXP,2026-08-03 09:00:00,100
1507-3-EXP,2026-08-03 09:00:00,100
1507-4-EXP,2026-08-03 09:00:00,100
1507-5-EXP,2026-08-03 09:00:00,100
1507-6-EXP,2026-08-03 09:00:00,100
1507-7-EXP,2026-08-03 09:00:00,100
1507-8-EXP,2026-08-03 09:00:00,100
1507-9-EXP,2026-08-03 09:00:00,100
1507-10-EXP,2026-08-03 09:00:00,100
1507-11-EXP,2026-08-03 09:00:00,100
1507-12-EXP,2026-08-03 09:00:00,100
1507-13-EXP,2026-08-03 09:00:00,100
1507-14-EXP,2026-08-03 09:00:00,100
1507-15-EXP,2026-08-03 09:00:00,100
1507-16-EXP,2026-08-03 09:00:00,100
1507-17-EXP,2026-08-03 09:00:00,100
1507-18-EXP,2026-08-03 09:00:00,100
1507-19-EXP,2026-08-03 09:00:00,100
1507-20-EXP,2026-08-03 09:00:00,100
1507-21-EXP,2026-08-03 09:00:00,100
1507-22-EXP,2026-08-03 09:00:00,100
1507-23-EXP,2026-08-03 09:00:00,100
1507-24-EXP,2026-08-03 09:00:00,100
1508-1-TEO,2026-08-03 09:00:00,100
1508-2-TEO,2026-08-03 09:00:00,100
1508-3-TEO,2026-08-03 09:00:00,100
1508-4-TEO,2026-08-03 09:00:00,100
1508-5-TEO,2026-08-03 09:00:00,100
1508-6-TEO,2026-08-03 09:00:00,100
1508-7-TEO,2026-08-03 09:00:00,100
1508-8-TEO,2026-08-03 09:00:00,100
1508-9-TEO,2026-08-03 09:00:00,100
1508-10-TEO,2026-08-03 09:00:00,100
1509-1-TEO,2026-08-03 09:00:00,100
1509-2-TEO,2026-08-03 09:00:00,100
1509-3-TEO,2026-08-03 09:00:00,100
1509-4-TEO,2026-08-03 09:00:00,100
1509-5-TEO,2026-08-03 09:00:00,100
1509-1-LAB,2026-08-03 09:00:00,100
1509-2-LAB,2026-08-03 09:00:00,100
1509-3-LAB,2026-08-03 09:00:00,100
1509-4-LAB,2026-08-03 09:00:00,100
1509-5-LAB,2026-08-03 09:00:00,100
1509-6-LAB,2026-08-03 09:00:00,100
1509-7-LAB,2026-08-03 09:00:00,100
1509-8-LAB,2026-08-03 09:00:00,100
1510-1-TEO,2026-08-03 09:00:00,100
1510-2-TEO,2026-08-03 09:00:00,100
1510-3-TEO,2026-08-03 09:00:00,100
1510-4-TEO,2026-08-03 09:00:00,100
1510-1-LAB,2026-08-03 09:00:00,100
1510-2-LAB,2026-08-03 09:00:00,100
1510-3-LAB,2026-08-03 09:00:00,100
1510-4-LAB,2026-08-03 09:00:00,100
1510-5-LAB,2026-08-03 09:00:00,100
1510-6-LAB,2026-08-03 09:00:00,100
1510-7-LAB,2026-08-03 09:00:00,100
1511-1-TEO,2026-08-03 09:00:00,100
1512-1-TEO,2026-08-03 09:00:00,100
1512-2-TEO,2026-08-03 09:00:00,100
1512-3-TEO,2026-08-03 09:00:00,100
1514-1-TEO,2026-08-03 09:00:00,100
1514-2-TEO,2026-08-03 09:00:00,100
1514-3-TEO,2026-08-03 09:00:00,100
1515-1-EXP,2026-08-03 09:00:00,100
1515-2-EXP,2026-08-03 09:00:00,100
1515-3-EXP,2026-08-03 09:00:00,100
1515-4-EXP,2026-08-03 09:00:00,100
1515-5-EXP,2026-08-03 09:00:00,100
1515-6-EXP,2026-08-03 09:00:00,100
1515-7-EXP,2026-08-03 09:00:00,100
1515-8-EXP,2026-08-03 09:00:00,100
1515-9-EXP,2026-08-03 09:00:00,100
1515-10-EXP,2026-08-03 09:00:00,100
1515-11-EXP,2026-08-03 09:00:00,100
1515-12-EXP,2026-08-03 09:00:00,100
1515-13-EXP,2026-08-03 09:00:00,100
1515-14-EXP,2026-08-03 09:00:00,100
1519-1-TEO,2026-08-03 09:00:00,100
1519-2-TEO,2026-08-03 09:00:00,100
1519-3-TEO,2026-08-03 09:00:00,100
1519-4-TEO,2026-08-03 09:00:00,100
1521-1-TEO,2026-08-03 09:00:00,100
1521-2-TEO,2026-08-03 09:00:00,100
1521-3-TEO,2026-08-03 09:00:00,100
1521-4-TEO,2026-08-03 09:00:00,100
1521-5-TEO,2026-08-03 09:00:00,100
1521-6-TEO,2026-08-03 09:00:00,100
1521-7-TEO,2026-08-03 09:00:00,100
1521-1-LAB,2026-08-03 09:00:00,100
1521-2-LAB,2026-08-03 09:00:00,100
1521-3-LAB,2026-08-03 09:00:00,100
1521-4-LAB,2026-08-03 09:00:00,100
1521-5-LAB,2026-08-03 09:00:00,100
1521-6-LAB,2026-08-03 09:00:00,100
1521-7-LAB,2026-08-03 09:00:00,100
1521-8-LAB,2026-08-03 09:00:00,100
1521-9-LAB,2026-08-03 09:00:00,100
1521-10-LAB,2026-08-03 09:00:00,100
1521-11-LAB,2026-08-03 09:00:00,100
1521-12-LAB,2026-08-03 09:00:00,100
1521-13-LAB,2026-08-03 09:00:00,100
1521-14-LAB,2026-08-03 09:00:00,100
1521-15-LAB,2026-08-03 09:00:00,100
1521-16-LAB,2026-08-03 09:00:00,100
1528-1-TEO,2026-08-03 09:00:00,100
1528-2-TEO,2026-08-03 09:00:00,100
1528-1-PRO,2026-08-03 09:00:00,100
1528-2-PRO,2026-08-03 09:00:00,100
1530-1-TEO,2026-08-03 09:00:00,100
1530-2-TEO,2026-08-03 09:00:00,100
1530-1-LAB,2026-08-03 09:00:00,100
1530-2-LAB,2026-08-03 09:00:00,100
1530-3-LAB,2026-08-03 09:00:00,100
1530-4-LAB,2026-08-03 09:00:00,100
1530-5-LAB,2026-08-03 09:00:00,100
1530-6-LAB,2026-08-03 09:00:00,100
1531-1-EXP,2026-08-03 09:00:00,100
1531-2-EXP,2026-08-03 09:00:00,100
1531-3-EXP,2026-08-03 09:00:00,100
1531-4-EXP,2026-08-03 09:00:00,100
1531-5-EXP,2026-08-03 09:00:00,100
1531-6-EXP,2026-08-03 09:00:00,100
1532-1-TEO,2026-08-03 09:00:00,100
1532-2-TEO,2026-08-03 09:00:00,100
1532-1-LAB,2026-08-03 09:00:00,100
1532-2-LAB,2026-08-03 09:00:00,100
1532-3-LAB,2026-08-03 09:00:00,100
1532-4-LAB,2026-08-03 09:00:00,100
1532-5-LAB,2026-08-03 09:00:00,100
1533-1-TEO,2026-08-03 09:00:00,100
1533-2-TEO,2026-08-03 09:00:00,100
1533-1-PRO,2026-08-03 09:00:00,100
1533-2-PRO,2026-08-03 09:00:00,100
1538-1-TEO,2026-08-03 09:00:00,100
1538-2-TEO,2026-08-03 09:00:00,100
1538-3-TEO,2026-08-03 09:00:00,100
1538-4-TEO,2026-08-03 09:00:00,100
1539-1-TEO,2026-08-03 09:00:00,100
1539-1-LAB,2026-08-03 09:00:00,100
1540-1-TEO,2026-08-03 09:00:00,0
1540-2-TEO,2026-08-03 09:00:00,0
1540-3-TEO,2026-08-03 09:00:00,0
1540-4-TEO,2026-08-03 09:00:00,0
1540-5-TEO,2026-08-03 09:00:00,0
1540-6-TEO,2026-08-03 09:00:00,0
1542-1-TEO,2026-08-03 09:00:00,0
1542-2-TEO,2026-08-03 09:00:00,0
1542-3-TEO,2026-08-03 09:00:00,0
1542-4-TEO,2026-08-03 09:00:00,0
1542-5-TEO,2026-08-03 09:00:00,0
1543-1-TEO,2026-08-03 09:00:00,100
1543-2-TEO,2026-08-03 09:00:00,100
1543-3-TEO,2026-08-03 09:00:00,100
1544-1-EXP,2026-08-03 09:00:00,100
1544-2-EXP,2026-08-03 09:00:00,100
1544-3-EXP,2026-08-03 09:00:00,100
1544-4-EXP,2026-08-03 09:00:00,100
1544-5-EXP,2026-08-03 09:00:00,100
1544-6-EXP,2026-08-03 09:00:00,100
1544-7-EXP,2026-08-03 09:00:00,100
1544-8-EXP,2026-08-03 09:00:00,100
1544-9-EXP,2026-08-03 09:00:00,100
1544-10-EXP,2026-08-03 09:00:00,100
1544-11-EXP,2026-08-03 09:00:00,100
1544-12-EXP,2026-08-03 09:00:00,100
1544-13-EXP,2026-08-03 09:00:00,100
1544-14-EXP,2026-08-03 09:00:00,100
1547-1-TEO,2026-08-03 09:00:00,100
1547-2-TEO,2026-08-03 09:00:00,100
1547-3-TEO,2026-08-03 09:00:00,100
1549-1-TEO,2026-08-03 09:00:00,100
1602-1-EXP,2026-08-03 09:00:00,100
1602-2-EXP,2026-08-03 09:00:00,100
1602-3-EXP,2026-08-03 09:00:00,100
1602-4-EXP,2026-08-03 09:00:00,100
1602-5-EXP,2026-08-03 09:00:00,100
1602-6-EXP,2026-08-03 09:00:00,100
1603-1-TEO,2026-08-03 09:00:00,100
1603-2-TEO,2026-08-03 09:00:00,100
1603-3-TEO,2026-08-03 09:00:00,100
1603-4-TEO,2026-08-03 09:00:00,100
1603-5-TEO,2026-08-03 09:00:00,100
1604-1-TEO,2026-08-03 09:00:00,100
1604-2-TEO,2026-08-03 09:00:00,100
1604-3-TEO,2026-08-03 09:00:00,100
1606-1-TEO,2026-08-03 09:00:00,100
1606-2-TEO,2026-08-03 09:00:00,100
1606-3-TEO,2026-08-03 09:00:00,100
1606-1-LAB,2026-08-03 09:00:00,100
1606-2-LAB,2026-08-03 09:00:00,100
1606-3-LAB,2026-08-03 09:00:00,100
1606-4-LAB,2026-08-03 09:00:00,100
1607-1-EXP,2026-08-03 09:00:00,100
1607-2-EXP,2026-08-03 09:00:00,100
1607-3-EXP,2026-08-03 09:00:00,100
1607-4-EXP,2026-08-03 09:00:00,100
1607-5-EXP,2026-08-03 09:00:00,100
1607-6-EXP,2026-08-03 09:00:00,100
1607-7-EXP,2026-08-03 09:00:00,100
1607-8-EXP,2026-08-03 09:00:00,100
1607-9-EXP,2026-08-03 09:00:00,100
1607-10-EXP,2026-08-03 09:00:00,100
1607-11-EXP,2026-08-03 09:00:00,100
1607-12-EXP,2026-08-03 09:00:00,100
1607-13-EXP,2026-08-03 09:00:00,100
1607-14-EXP,2026-08-03 09:00:00,100
1607-15-EXP,2026-08-03 09:00:00,100
1607-16-EXP,2026-08-03 09:00:00,100
1607-17-EXP,2026-08-03 09:00:00,100
1608-1-TEO,2026-08-03 09:00:00,100
1608-2-TEO,2026-08-03 09:00:00,100
1608-3-TEO,2026-08-03 09:00:00,100
1608-4-TEO,2026-08-03 09:00:00,100
1609-1-TEO,2026-08-03 09:00:00,100
1609-2-TEO,2026-08-03 09:00:00,100
1609-3-TEO,2026-08-03 09:00:00,100
1609-4-TEO,2026-08-03 09:00:00,100
1609-5-TEO,2026-08-03 09:00:00,100
1609-6-TEO,2026-08-03 09:00:00,100
1610-1-EXP,2026-08-03 09:00:00,100
1610-2-EXP,2026-08-03 09:00:00,100
1610-3-EXP,2026-08-03 09:00:00,100
1610-4-EXP,2026-08-03 09:00:00,100
1610-5-EXP,2026-08-03 09:00:00,100
1610-6-EXP,2026-08-03 09:00:00,100
1610-7-EXP,2026-08-03 09:00:00,100
1610-8-EXP,2026-08-03 09:00:00,100
1612-1-TEO,2026-08-03 09:00:00,100
1612-2-TEO,2026-08-03 09:00:00,100
1612-3-TEO,2026-08-03 09:00:00,100
1612-4-TEO,2026-08-03 09:00:00,100
1612-5-TEO,2026-08-03 09:00:00,100
1612-6-TEO,2026-08-03 09:00:00,100
1612-7-TEO,2026-08-03 09:00:00,100
1612-8-TEO,2026-08-03 09:00:00,100
1612-9-TEO,2026-08-03 09:00:00,100
1612-10-TEO,2026-08-03 09:00:00,100
1612-11-TEO,2026-08-03 09:00:00,100
1614-1-TEO,2026-08-03 09:00:00,100
1614-2-TEO,2026-08-03 09:00:00,100
1614-3-TEO,2026-08-03 09:00:00,100
1614-4-TEO,2026-08-03 09:00:00,100
1614-1-LAB,2026-08-03 09:00:00,100
1614-2-LAB,2026-08-03 09:00:00,100
1614-3-LAB,2026-08-03 09:00:00,100
1614-4-LAB,2026-08-03 09:00:00,100
1614-5-LAB,2026-08-03 09:00:00,100
1614-6-LAB,2026-08-03 09:00:00,100
1614-7-LAB,2026-08-03 09:00:00,100
1618-1-EXP,2026-08-03 09:00:00,100
1618-2-EXP,2026-08-03 09:00:00,100
1618-3-EXP,2026-08-03 09:00:00,100
1618-4-EXP,2026-08-03 09:00:00,100
1618-5-EXP,2026-08-03 09:00:00,100
1619-1-TEO,2026-08-03 09:00:00,100
1619-2-TEO,2026-08-03 09:00:00,100
1619-3-TEO,2026-08-03 09:00:00,100
1619-1-LAB,2026-08-03 09:00:00,100
1619-2-LAB,2026-08-03 09:00:00,100
1619-3-LAB,2026-08-03 09:00:00,100
1619-4-LAB,2026-08-03 09:00:00,100
1620-1-TEO,2026-08-03 09:00:00,100
1620-2-TEO,2026-08-03 09:00:00,100
1620-3-TEO,2026-08-03 09:00:00,100
1622-1-TEO,2026-08-03 09:00:00,100
1622-2-TEO,2026-08-03 09:00:00,100
1622-3-TEO,2026-08-03 09:00:00,100
1622-4-TEO,2026-08-03 09:00:00,100
1622-1-LAB,2026-08-03 09:00:00,100
1622-2-LAB,2026-08-03 09:00:00,100
1622-3-LAB,2026-08-03 09:00:00,100
1622-4-LAB,2026-08-03 09:00:00,100
1622-5-LAB,2026-08-03 09:00:00,100
1622-6-LAB,2026-08-03 09:00:00,100
1622-7-LAB,2026-08-03 09:00:00,100
1624-1-TEO,2026-08-03 09:00:00,100
1624-2-TEO,2026-08-03 09:00:00,100
1624-1-LAB,2026-08-03 09:00:00,100
1624-2-LAB,2026-08-03 09:00:00,100
1624-3-LAB,2026-08-03 09:00:00,100
1628-1-TEO,2026-08-03 09:00:00,100
1628-2-TEO,2026-08-03 09:00:00,100
1628-3-TEO,2026-08-03 09:00:00,100
1628-4-TEO,2026-08-03 09:00:00,100
1628-1-LAB,2026-08-03 09:00:00,100
1628-2-LAB,2026-08-03 09:00:00,100
1628-3-LAB,2026-08-03 09:00:00,100
1628-4-LAB,2026-08-03 09:00:00,100
1628-5-LAB,2026-08-03 09:00:00,100
1628-6-LAB,2026-08-03 09:00:00,100
1628-7-LAB,2026-08-03 09:00:00,100
1630-1-TEO,2026-08-03 09:00:00,100
1630-2-TEO,2026-08-03 09:00:00,100
1630-3-TEO,2026-08-03 09:00:00,100
1630-4-TEO,2026-08-03 09:00:00,100
1630-5-TEO,2026-08-03 09:00:00,100
1630-6-TEO,2026-08-03 09:00:00,100
1630-7-TEO,2026-08-03 09:00:00,100
1631-1-TEO,2026-08-03 09:00:00,100
1631-2-TEO,2026-08-03 09:00:00,100
1631-1-LAB,2026-08-03 09:00:00,100
1631-2-LAB,2026-08-03 09:00:00,100
1631-3-LAB,2026-08-03 09:00:00,100
1631-4-LAB,2026-08-03 09:00:00,100
1632-1-TEO,2026-08-03 09:00:00,100
1632-2-TEO,2026-08-03 09:00:00,100
1632-1-LAB,2026-08-03 09:00:00,100
1632-2-LAB,2026-08-03 09:00:00,100
1632-3-LAB,2026-08-03 09:00:00,100
1632-4-LAB,2026-08-03 09:00:00,100
1638-1-TEO,2026-08-03 09:00:00,100
1638-2-TEO,2026-08-03 09:00:00,100
1638-1-LAB,2026-08-03 09:00:00,100
1638-2-LAB,2026-08-03 09:00:00,100
1638-3-LAB,2026-08-03 09:00:00,100
1638-4-LAB,2026-08-03 09:00:00,100
1639-1-TEO,2026-08-03 09:00:00,100
1639-2-TEO,2026-08-03 09:00:00,100
1639-1-PRO,2026-08-03 09:00:00,100
1639-2-PRO,2026-08-03 09:00:00,100
1640-1-TEO,2026-08-03 09:00:00,100
1640-2-TEO,2026-08-03 09:00:00,100
1640-3-TEO,2026-08-03 09:00:00,100
1642-1-TEO,2026-08-03 09:00:00,100
1642-2-TEO,2026-08-03 09:00:00,100
1642-3-TEO,2026-08-03 09:00:00,100
1643-1-TEO,2026-08-03 09:00:00,100
1643-2-TEO,2026-08-03 09:00:00,100
1643-3-TEO,2026-08-03 09:00:00,100
1644-1-EXP,2026-08-03 09:00:00,100
1644-2-EXP,2026-08-03 09:00:00,100
1644-3-EXP,2026-08-03 09:00:00,100
1644-4-EXP,2026-08-03 09:00:00,100
1644-5-EXP,2026-08-03 09:00:00,100
1644-6-EXP,2026-08-03 09:00:00,100
1644-7-EXP,2026-08-03 09:00:00,100
1644-8-EXP,2026-08-03 09:00:00,100
1646-1-EXP,2026-08-03 09:00:00,100
1646-2-EXP,2026-08-03 09:00:00,100
1646-3-EXP,2026-08-03 09:00:00,100
1646-4-EXP,2026-08-03 09:00:00,100
1646-5-EXP,2026-08-03 09:00:00,100
1646-6-EXP,2026-08-03 09:00:00,100
1646-7-EXP,2026-08-03 09:00:00,100
1646-8-EXP,2026-08-03 09:00:00,100
1646-9-EXP,2026-08-03 09:00:00,100
1646-10-EXP,2026-08-03 09:00:00,100
1646-11-EXP,2026-08-03 09:00:00,100
1649-1-TEO,2026-08-03 09:00:00,100
1649-2-TEO,2026-08-03 09:00:00,100
1649-3-TEO,2026-08-03 09:00:00,100
1651-1-EXP,2026-08-03 09:00:00,100
1700-1-EXP,2026-08-03 09:00:00,100
1700-2-EXP,2026-08-03 09:00:00,100
1700-3-EXP,2026-08-03 09:00:00,100
1700-4-EXP,2026-08-03 09:00:00,100
1700-5-EXP,2026-08-03 09:00:00,100
1700-6-EXP,2026-08-03 09:00:00,100
1700-7-EXP,2026-08-03 09:00:00,100
1701-1-TEO,2026-08-03 09:00:00,100
1701-2-TEO,2026-08-03 09:00:00,100
1701-3-TEO,2026-08-03 09:00:00,100
1702-1-TEO,2026-08-03 09:00:00,100
1703-1-EXP,2026-08-03 09:00:00,100
1703-2-EXP,2026-08-03 09:00:00,100
1703-3-EXP,2026-08-03 09:00:00,100
1703-4-EXP,2026-08-03 09:00:00,100
1703-5-EXP,2026-08-03 09:00:00,100
1703-6-EXP,2026-08-03 09:00:00,100
1704-1-TEO,2026-08-03 09:00:00,100
1704-1-LAB,2026-08-03 09:00:00,100
1704-2-LAB,2026-08-03 09:00:00,100
1705-1-TEO,2026-08-03 09:00:00,100
1705-2-TEO,2026-08-03 09:00:00,100
1705-3-TEO,2026-08-03 09:00:00,100
1705-4-TEO,2026-08-03 09:00:00,100
1705-5-TEO,2026-08-03 09:00:00,100
1705-1-LAB,2026-08-03 09:00:00,100
1705-2-LAB,2026-08-03 09:00:00,100
1705-3-LAB,2026-08-03 09:00:00,100
1705-4-LAB,2026-08-03 09:00:00,100
1705-5-LAB,2026-08-03 09:00:00,100
1705-6-LAB,2026-08-03 09:00:00,100
1705-7-LAB,2026-08-03 09:00:00,100
1705-8-LAB,2026-08-03 09:00:00,100
1706-1-TEO,2026-08-03 09:00:00,100
1706-2-TEO,2026-08-03 09:00:00,100
1706-3-TEO,2026-08-03 09:00:00,100
1706-4-TEO,2026-08-03 09:00:00,100
1706-5-TEO,2026-08-03 09:00:00,100
1706-1-PRO,2026-08-03 09:00:00,100
1706-2-PRO,2026-08-03 09:00:00,100
1706-3-PRO,2026-08-03 09:00:00,100
1706-4-PRO,2026-08-03 09:00:00,100
1706-5-PRO,2026-08-03 09:00:00,100
1706-1-LAB,2026-08-03 09:00:00,100
1706-2-LAB,2026-08-03 09:00:00,100
1706-3-LAB,2026-08-03 09:00:00,100
1706-4-LAB,2026-08-03 09:00:00,100
1706-5-LAB,2026-08-03 09:00:00,100
1706-6-LAB,2026-08-03 09:00:00,100
1706-7-LAB,2026-08-03 09:00:00,100
1706-8-LAB,2026-08-03 09:00:00,100
1708-1-TEO,2026-08-03 09:00:00,100
1708-2-TEO,2026-08-03 09:00:00,100
1708-3-TEO,2026-08-03 09:00:00,100
1708-4-TEO,2026-08-03 09:00:00,100
1708-5-TEO,2026-08-03 09:00:00,100
1708-1-LAB,2026-08-03 09:00:00,100
1708-2-LAB,2026-08-03 09:00:00,100
1708-3-LAB,2026-08-03 09:00:00,100
1708-4-LAB,2026-08-03 09:00:00,100
1708-5-LAB,2026-08-03 09:00:00,100
1708-6-LAB,2026-08-03 09:00:00,100
1708-7-LAB,2026-08-03 09:00:00,100
1708-8-LAB,2026-08-03 09:00:00,100
1708-9-LAB,2026-08-03 09:00:00,100
1709-1-TEO,2026-08-03 09:00:00,100
1709-2-TEO,2026-08-03 09:00:00,100
1709-3-TEO,2026-08-03 09:00:00,100
1709-4-TEO,2026-08-03 09:00:00,100
1709-5-TEO,2026-08-03 09:00:00,100
1709-1-LAB,2026-08-03 09:00:00,100
1709-2-LAB,2026-08-03 09:00:00,100
1709-3-LAB,2026-08-03 09:00:00,100
1709-4-LAB,2026-08-03 09:00:00,100
1709-5-LAB,2026-08-03 09:00:00,100
1709-6-LAB,2026-08-03 09:00:00,100
1709-7-LAB,2026-08-03 09:00:00,100
1709-8-LAB,2026-08-03 09:00:00,100
1709-9-LAB,2026-08-03 09:00:00,100
1709-10-LAB,2026-08-03 09:00:00,100
1709-11-LAB,2026-08-03 09:00:00,100
1711-1-TEO,2026-08-03 09:00:00,100
1711-2-TEO,2026-08-03 09:00:00,100
1711-1-LAB,2026-08-03 09:00:00,100
1711-2-LAB,2026-08-03 09:00:00,100
1711-3-LAB,2026-08-03 09:00:00,100
1711-4-LAB,2026-08-03 09:00:00,100
1711-5-LAB,2026-08-03 09:00:00,100
1711-6-LAB,2026-08-03 09:00:00,100
1711-7-LAB,2026-08-03 09:00:00,100
1712-1-EXP,2026-08-03 09:00:00,100
1712-2-EXP,2026-08-03 09:00:00,100
1712-3-EXP,2026-08-03 09:00:00,100
1712-4-EXP,2026-08-03 09:00:00,100
1712-5-EXP,2026-08-03 09:00:00,100
1715-1-EXP,2026-08-03 09:00:00,100
1715-2-EXP,2026-08-03 09:00:00,100
1715-3-EXP,2026-08-03 09:00:00,100
1715-4-EXP,2026-08-03 09:00:00,100
1715-5-EXP,2026-08-03 09:00:00,100
1716-1-TEO,2026-08-03 09:00:00,100
1716-2-TEO,2026-08-03 09:00:00,100
1716-3-TEO,2026-08-03 09:00:00,100
1716-4-TEO,2026-08-03 09:00:00,100
1722-1-TEO,2026-08-03 09:00:00,100
1722-2-TEO,2026-08-03 09:00:00,100
1722-3-TEO,2026-08-03 09:00:00,100
1722-4-TEO,2026-08-03 09:00:00,100
1724-1-TEO,2026-08-03 09:00:00,100
1724-2-TEO,2026-08-03 09:00:00,100
1724-3-TEO,2026-08-03 09:00:00,100
1727-1-TEO,2026-08-03 09:00:00,100
1727-2-TEO,2026-08-03 09:00:00,100
1727-3-TEO,2026-08-03 09:00:00,100
1728-1-EXP,2026-08-03 09:00:00,100
1728-2-EXP,2026-08-03 09:00:00,100
1730-1-TEO,2026-08-03 09:00:00,100
1730-2-TEO,2026-08-03 09:00:00,100
1730-3-TEO,2026-08-03 09:00:00,100
1730-1-LAB,2026-08-03 09:00:00,100
1730-2-LAB,2026-08-03 09:00:00,100
1730-3-LAB,2026-08-03 09:00:00,100
1730-4-LAB,2026-08-03 09:00:00,100
1730-5-LAB,2026-08-03 09:00:00,100
1731-1-TEO,2026-08-03 09:00:00,100
1731-2-TEO,2026-08-03 09:00:00,100
1731-1-LAB,2026-08-03 09:00:00,100
1731-2-LAB,2026-08-03 09:00:00,100
1731-3-LAB,2026-08-03 09:00:00,100
1731-4-LAB,2026-08-03 09:00:00,100
1731-5-LAB,2026-08-03 09:00:00,100
1732-1-TEO,2026-08-03 09:00:00,100
1732-2-TEO,2026-08-03 09:00:00,100
1732-1-LAB,2026-08-03 09:00:00,100
1732-2-LAB,2026-08-03 09:00:00,100
1732-3-LAB,2026-08-03 09:00:00,100
1732-4-LAB,2026-08-03 09:00:00,100
1732-5-LAB,2026-08-03 09:00:00,100
1736-1-TEO,2026-08-03 09:00:00,100
1736-2-TEO,2026-08-03 09:00:00,100
1739-1-TEO,2026-08-03 09:00:00,100
1739-2-TEO,2026-08-03 09:00:00,100
1739-1-PRO,2026-08-03 09:00:00,100
1739-2-PRO,2026-08-03 09:00:00,100
1740-1-TEO,2026-08-03 09:00:00,100
1740-2-TEO,2026-08-03 09:00:00,100
1740-3-TEO,2026-08-03 09:00:00,100
1742-1-TEO,2026-08-03 09:00:00,100
1742-2-TEO,2026-08-03 09:00:00,100
1742-3-TEO,2026-08-03 09:00:00,100
1743-1-TEO,2026-08-03 09:00:00,100
1743-2-TEO,2026-08-03 09:00:00,100
1743-3-TEO,2026-08-03 09:00:00,100
1749-1-EXP,2026-08-03 09:00:00,100
1749-2-EXP,2026-08-03 09:00:00,100
1749-3-EXP,2026-08-03 09:00:00,100
1749-4-EXP,2026-08-03 09:00:00,100
1749-5-EXP,2026-08-03 09:00:00,100
1749-6-EXP,2026-08-03 09:00:00,100
1749-7-EXP,2026-08-03 09:00:00,100
1749-8-EXP,2026-08-03 09:00:00,100
1749-9-EXP,2026-08-03 09:00:00,100
1749-10-EXP,2026-08-03 09:00:00,100
1749-11-EXP,2026-08-03 09:00:00,100
1749-12-EXP,2026-08-03 09:00:00,100
1749-13-EXP,2026-08-03 09:00:00,100
1749-14-EXP,2026-08-03 09:00:00,100
1750-1-TEO,2026-08-03 09:00:00,100
1750-2-TEO,2026-08-03 09:00:00,100
1750-3-TEO,2026-08-03 09:00:00,100
1751-1-TEO,2026-08-03 09:00:00,100
1751-1-PRO,2026-08-03 09:00:00,100
1752-1-TEO,2026-08-03 09:00:00,100
1802-1-EXP,2026-08-03 09:00:00,100
1802-2-EXP,2026-08-03 09:00:00,100
1802-3-EXP,2026-08-03 09:00:00,100
1802-4-EXP,2026-08-03 09:00:00,100
1802-5-EXP,2026-08-03 09:00:00,100
1802-6-EXP,2026-08-03 09:00:00,100
1803-2-TEO,2026-08-03 09:00:00,100
1803-4-TEO,2026-08-03 09:00:00,100
1803-5-TEO,2026-08-03 09:00:00,100
1803-6-TEO,2026-08-03 09:00:00,100
1803-8-TEO,2026-08-03 09:00:00,100
1803-9-TEO,2026-08-03 09:00:00,100
1803-11-TEO,2026-08-03 09:00:00,100
1804-1-TEO,2026-08-03 09:00:00,100
1804-2-TEO,2026-08-03 09:00:00,100
1804-3-TEO,2026-08-03 09:00:00,100
1804-1-PRO,2026-08-03 09:00:00,100
1804-2-PRO,2026-08-03 09:00:00,100
1804-3-PRO,2026-08-03 09:00:00,100
1806-1-TEO,2026-08-03 09:00:00,100
1806-3-TEO,2026-08-03 09:00:00,100
1806-4-TEO,2026-08-03 09:00:00,100
1806-5-TEO,2026-08-03 09:00:00,100
1807-1-TEO,2026-08-03 09:00:00,100
1807-2-TEO,2026-08-03 09:00:00,100
1807-3-TEO,2026-08-03 09:00:00,100
1807-4-TEO,2026-08-03 09:00:00,100
1807-5-TEO,2026-08-03 09:00:00,100
1807-6-TEO,2026-08-03 09:00:00,100
1807-1-LAB,2026-08-03 09:00:00,100
1807-2-LAB,2026-08-03 09:00:00,100
1807-3-LAB,2026-08-03 09:00:00,100
1807-4-LAB,2026-08-03 09:00:00,100
1807-5-LAB,2026-08-03 09:00:00,100
1807-6-LAB,2026-08-03 09:00:00,100
1807-7-LAB,2026-08-03 09:00:00,100
1807-8-LAB,2026-08-03 09:00:00,100
1807-9-LAB,2026-08-03 09:00:00,100
1807-10-LAB,2026-08-03 09:00:00,100
1809-1-EXP,2026-08-03 09:00:00,100
1809-2-EXP,2026-08-03 09:00:00,100
1809-3-EXP,2026-08-03 09:00:00,100
1810-1-TEO,2026-08-03 09:00:00,100
1810-2-TEO,2026-08-03 09:00:00,100
1810-1-LAB,2026-08-03 09:00:00,100
1810-2-LAB,2026-08-03 09:00:00,100
1810-3-LAB,2026-08-03 09:00:00,100
1810-4-LAB,2026-08-03 09:00:00,100
1810-5-LAB,2026-08-03 09:00:00,100
1811-1-TEO,2026-08-03 09:00:00,100
1811-2-TEO,2026-08-03 09:00:00,100
1811-1-LAB,2026-08-03 09:00:00,100
1811-2-LAB,2026-08-03 09:00:00,100
1811-3-LAB,2026-08-03 09:00:00,100
1811-4-LAB,2026-08-03 09:00:00,100
1811-5-LAB,2026-08-03 09:00:00,100
1811-6-LAB,2026-08-03 09:00:00,100
1815-1-TEO,2026-08-03 09:00:00,100
1815-2-TEO,2026-08-03 09:00:00,100
1815-1-LAB,2026-08-03 09:00:00,100
1815-2-LAB,2026-08-03 09:00:00,100
1815-3-LAB,2026-08-03 09:00:00,100
1815-4-LAB,2026-08-03 09:00:00,100
1815-5-LAB,2026-08-03 09:00:00,100
1816-1-EXP,2026-08-03 09:00:00,100
1816-2-EXP,2026-08-03 09:00:00,100
1817-1-TEO,2026-08-03 09:00:00,100
1817-2-TEO,2026-08-03 09:00:00,100
1817-3-TEO,2026-08-03 09:00:00,100
1819-1-TEO,2026-08-03 09:00:00,100
1819-2-TEO,2026-08-03 09:00:00,100
1819-3-TEO,2026-08-03 09:00:00,100
1823-1-EXP,2026-08-03 09:00:00,100
1823-2-EXP,2026-08-03 09:00:00,100
1823-3-EXP,2026-08-03 09:00:00,100
1823-4-EXP,2026-08-03 09:00:00,100
1823-5-EXP,2026-08-03 09:00:00,100
1823-6-EXP,2026-08-03 09:00:00,100
1823-7-EXP,2026-08-03 09:00:00,100
1823-8-EXP,2026-08-03 09:00:00,100
1823-9-EXP,2026-08-03 09:00:00,100
1823-10-EXP,2026-08-03 09:00:00,100
1823-11-EXP,2026-08-03 09:00:00,100
1823-12-EXP,2026-08-03 09:00:00,100
1824-1-TEO,2026-08-03 09:00:00,100
1824-2-TEO,2026-08-03 09:00:00,100
1824-3-TEO,2026-08-03 09:00:00,100
1829-1-TEO,2026-08-03 09:00:00,100
1903-1-TEO,2026-08-03 09:00:00,100
1903-2-TEO,2026-08-03 09:00:00,100
1903-3-TEO,2026-08-03 09:00:00,100
1903-4-TEO,2026-08-03 09:00:00,100
1903-5-TEO,2026-08-03 09:00:00,100
1903-6-TEO,2026-08-03 09:00:00,100
1907-1-TEO,2026-08-03 09:00:00,100
1907-2-TEO,2026-08-03 09:00:00,100
1907-1-LAB,2026-08-03 09:00:00,100
1907-2-LAB,2026-08-03 09:00:00,100
1907-3-LAB,2026-08-03 09:00:00,100
1907-4-LAB,2026-08-03 09:00:00,100
1907-5-LAB,2026-08-03 09:00:00,100
1908-1-TEO,2026-08-03 09:00:00,100
1908-2-TEO,2026-08-03 09:00:00,100
1908-1-PRO,2026-08-03 09:00:00,100
1908-2-PRO,2026-08-03 09:00:00,100
1911-1-TEO,2026-08-03 09:00:00,100
1911-2-TEO,2026-08-03 09:00:00,100
1911-1-PRO,2026-08-03 09:00:00,100
1911-2-PRO,2026-08-03 09:00:00,100
1912-1-TEO,2026-08-03 09:00:00,100
1912-2-TEO,2026-08-03 09:00:00,100
1912-3-TEO,2026-08-03 09:00:00,100
1914-1-TEO,2026-08-03 09:00:00,100
1914-1-PRO,2026-08-03 09:00:00,100
8000-1-TEO,2026-08-03 09:00:00,100
